<?xml version="1.0" encoding="UTF-8"?>
<configuration debug="false">

    <!-- =============================================================================================== -->
    <!-- This logback configuration file adds a RestAppender to stream log output to a remote service. -->
    <!-- This file is logback-spring.xml not logback.xml. The latter has different operating semantics. -->
    <!-- =============================================================================================== -->

    <!-- This line includes a default ConsoleAppender -->
    <include resource="org/springframework/boot/logging/logback/base.xml" />

    <!-- ============================================================ -->
    <!-- Define the RestAppender configuration properties -->
    <!-- Default values below may be overridden by specific springProfile blocks -->
    <!-- Credentials are derived from the system environment per application.yml -->
    <!-- username = ${vcap.services.rest-security.credentials.logger-service.username} -->
    <!-- password = ${vcap.services.rest-security.credentials.logger-service.password} -->
    <!-- Optional values set here may be overridden via application.yml -->
    <!-- ============================================================ -->

    <!-- ========== local profile ========== -->

    <!-- Required values -->
    <property name="application" value="system-monitor" />
    <property name="envCode" value="l" />
    <property name="serviceUrl" value="http://localhost:8105/v1/log-records" />
    <!-- Derived values -->
    <!-- <property name="username" value="[from-system-environment]>" /> -->
    <!-- <property name="password" value="[from-system-environment]>" /> -->
    <!-- Optional values -->
    <property name="numWriters" value="2" />
    <property name="errorTimeoutSeconds" value="15" />
    <property name="pollingInterval" value="750" />

    <!-- ========== DEV profile ========== -->
    <springProfile name="DEV">
        <property name="envCode" value="d" />
        <property name="serviceUrl" value="https://logger-service-dev.apps.cf2.devfg.rbc.com/v1/log-records" />
        <!-- Optional values -->
        <property name="numWriters" value="4" />
        <property name="errorTimeoutSeconds" value="30" />
        <property name="pollingInterval" value="500" />
    </springProfile>

    <!-- ========== QAT profile ========== -->
    <springProfile name="QAT">
        <property name="envCode" value="q" />
        <property name="serviceUrl" value="https://logger-service-qat.apps.cf2.devfg.rbc.com/v1/log-records" />
        <!-- Optional values -->
        <property name="numWriters" value="8" />
        <property name="errorTimeoutSeconds" value="60" />
        <property name="pollingInterval" value="250" />
    </springProfile>

    <!-- ========== UAT profile ========== -->
    <springProfile name="UAT">
        <property name="envCode" value="u" />
        <property name="serviceUrl" value="https://logger-service-uat.apps.cf2.devfg.rbc.com/v1/log-records" />
    </springProfile>

    <!-- ========== Prod GCC profile ========== -->
    <springProfile name="PRD-GCC">
        <property name="envCode" value="p" />
        <property name="serviceUrl"
            value="https://logger-service.apps.gcc.cf2.fg.rbc.com/v1/log-records" />
    </springProfile>
    
    <!-- ========== Prod SCC profile ========== -->
    <springProfile name="PRD-SCC">
        <property name="envCode" value="p" />
        <property name="serviceUrl"
            value="https://logger-service.apps.scc.cf2.fg.rbc.com/v1/log-records" />
    </springProfile>

    <!-- ============================================================ -->
    <!-- Define the RestAppender -->
    <!-- ============================================================ -->

    <appender name="rest-appender" class="com.rbc.deposits.logger.client.appender.RestAppender">
        <!-- ====================================== -->
        <!-- Required values -->
        <!-- ====================================== -->
        <application>${application}</application>
        <serviceUrl>${serviceUrl}</serviceUrl>
        <envCode>${envCode}</envCode>
        <!-- ====================================== -->
        <!-- Credentials set internally via VCAP -->
        <!-- ====================================== -->
        <!-- <username>${username}</username> -->
        <!-- <password>${password}</password> -->
        <!-- ====================================== -->
        <!-- Optional values with internal defaults -->
        <!-- ====================================== -->
        <numWriters>${numWriters}</numWriters>
        <errorTimeoutSeconds>${errorTimeoutSeconds}</errorTimeoutSeconds>
        <pollingInterval>${pollingInterval}</pollingInterval>
    </appender>

    <root level="TRACE">
        <appender-ref ref="rest-appender" />
    </root>

</configuration>