{
  "pipeline": {
    "appCode": "ZGV0",

    "scm": {
      "projectName": "kafka-topic-monitor",
      "jenkinsCredentialId": "ZGV0_DEVOPS_SSH",
    },

    "scanning":{
      "nexus":{
        "selectedApplication": "dda31012-d748-4195-a28d-80a66650a96b"
      },
      "checkmarx":{
        "jenkinsCredentialId": "9e6dd7ee-bf18-4094-92a8-36d3edfbbb38"
      },
      "sonarQube":{
        "token": "128c2135d55b60eaeb7d78553a42bdfecb05d0ca"
      }
    },

    "ucd":{

      "application": "ZGV0_deposits-services",
      "componentName": "ZGV0_kafka-topic-monitor",
      "jenkinsCredentialId": "MAVEN",

      "upload":{
        "baseDir": "/target",
        "includePattern": "*.jar",
        "excludePattern": "*-SNAPSHOT.jar",
        "pushProperties": "jenkins.server=Local\njenkins.reviewed=false"
      },

      "deploy":{
        "deployProcess": "ZGV0_DeployPCF"
      }
    },

    "testing":{

      "appCode": "UG50",

      "scm":{
        "repository": "",

        "jenkinsCredentialId": "f38935e6-717f-4190-99bc-957ef6390880"
      },

      "sdfTesting":{
        "environment": "QAT",
        "swaggerTestSuite": "",
        "apigeeTestSuite": "",
        "resultsDir": "qatTestResults"
      },

      "istTesting":{
        "environment": "UAT",
        "swaggerTestSuite": "",
        "apigeeTestSuite": "",
        "resultsDir": "istTestResults"
      },

      "performanceTesting":{
        "perfScriptName":"pda-open-api.jmx",
        "perfResultsDir":"PerfReports",
        "perfResultsELKURL" :"http://se139372.saimaple.saifg.rbc.com:3000/",
        "users":"3",
        "rampup":"30",
        "duration":"60",
        "pacing":"100",
        "errorFailedThreshold":"60",
        "errorUnstableThreshold":"10",
        "relativeFailedThresholdPositive":"10.0",
        "relativeUnstableThresholdPositive":"5.0"
      }
      
    },

    "feedback":{
      "development":{
        "slackWebHook": "https://hooks.slack.com/services/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",
        "jenkinsCredentialId": "SZGV0SRVJENKINS"
      },

      "testing":{
        "slackWebHook": "https://hooks.slack.com/services/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",
        "jenkinsCredentialId": "SUG50SRVDEVOPS"
      }
    },

    "tdm":{
      "auth":{
        "username":"PUG50SRVAUTOMATION",
        "password":"gbrFpa6x5Bufzr7"
      },
      "data":{
        "projectName":"pda-open-api",
        "count":"20",
        "clientType":"Personal",
        "centerCode": ["QCC", "OCC"],
        "outputDir":"${projectDir}",
        "virtualDatahub": false
      }
    },

    "sv": [
      {
        "name":"virtual",
        "endpoint":"http://localhost:8788"
      },
      {
        "name":"datahub",
        "endpoint":"https://datahub.fg.rbc.com"
     }
    ]
  }
}
